customer_id,name,email,join_date,status,last_purchase_date,purchase_frequency,avg_purchase_value,total_spent,days_since_last_login,support_tickets,satisfaction_score,churn_risk_score,risk_level
1,Amelia Thomas,amelia.thomas@example.com,2023-03-06,active,2024-09-26,4,27.16,152.81,88,0,8,0.28,low
2,Emily Brown,emily.brown@example.com,2019-06-16,active,2024-11-13,1,116.69,796.65,38,0,5,0.28,low
3,Michael Thomas,michael.thomas@example.com,2019-09-20,inactive,2023-04-22,2,12.54,117.21,170,0,3,0.62,medium
4,Sarah Taylor,sarah.taylor@example.com,2020-03-28,active,2022-10-13,5,11.46,435.22,14,1,5,0.24,low
5,Emily Martinez,emily.martinez@example.com,2021-04-16,active,2024-09-05,2,77.1,1053.55,35,1,8,0.21,low
6,Robert Moore,robert.moore@example.com,2018-05-04,active,2022-06-03,3,13.44,278.05,44,2,8,0.26,low
7,William Lopez,william.lopez@example.com,2021-07-07,active,2021-08-17,8,40.36,992.51,45,0,7,0.2,low
8,Laura Garcia,laura.garcia@example.com,2022-03-29,inactive,2023-10-24,2,11.55,55.25,136,0,1,0.61,medium
9,William Walker,william.walker@example.com,2022-02-14,active,2023-08-30,6,50.79,1731.5,37,0,8,0.16,low
10,Emma Thompson,emma.thompson@example.com,2023-12-09,inactive,2024-03-26,4,89.39,948.21,142,0,9,0.37,medium
11,Joseph Garcia,joseph.garcia@example.com,2019-02-22,active,2023-04-15,2,32.19,468.06,52,0,4,0.33,low
12,James Lee,james.lee@example.com,2019-11-16,active,2020-12-30,4,18.47,223.73,86,1,9,0.28,low
13,Amelia Moore,amelia.moore@example.com,2019-06-09,active,2024-03-25,1,34.03,133.25,75,0,7,0.31,low
14,Sophia Hernandez,sophia.hernandez@example.com,2023-01-16,inactive,2023-04-29,2,35.07,279.84,116,0,3,0.5,medium
15,Sophia Johnson,sophia.johnson@example.com,2023-11-21,inactive,2024-10-12,0,66.18,0.0,165,0,10,0.47,medium
16,Isabella Thomas,isabella.thomas@example.com,2022-04-13,active,2024-06-29,4,50.0,1560.49,52,0,7,0.23,low
17,Daniel Walker,daniel.walker@example.com,2023-10-29,inactive,2024-10-26,2,14.06,148.11,130,0,7,0.41,medium
18,Liam Martin,liam.martin@example.com,2020-08-18,inactive,2021-05-13,3,63.84,1512.92,160,0,7,0.47,medium
19,Isabella Johnson,isabella.johnson@example.com,2023-04-30,inactive,2024-10-28,3,79.55,1296.99,139,1,9,0.4,medium
20,Isabella Anderson,isabella.anderson@example.com,2021-08-08,inactive,2024-07-31,2,75.0,861.44,147,0,3,0.57,medium
21,Sarah Walker,sarah.walker@example.com,2023-11-25,active,2024-05-02,1,113.46,429.22,39,1,9,0.21,low
22,Emily Thomas,emily.thomas@example.com,2018-01-11,inactive,2021-08-01,3,82.6,1665.35,60,0,1,0.43,medium
23,Robert Walker,robert.walker@example.com,2019-07-15,active,2022-07-10,3,47.29,488.67,48,1,6,0.29,low
24,Laura Anderson,laura.anderson@example.com,2019-03-26,active,2020-04-17,2,27.78,405.03,84,0,9,0.25,low
25,Liam Davis,liam.davis@example.com,2023-10-02,active,2024-10-18,1,27.69,134.05,54,0,9,0.2,low
26,Amelia Smith,amelia.smith@example.com,2018-11-19,inactive,2022-07-23,1,64.33,144.86,128,1,1,0.64,medium
27,Mia Lopez,mia.lopez@example.com,2023-10-11,inactive,2024-01-12,3,74.89,1764.17,51,1,2,0.42,medium
28,Amelia White,amelia.white@example.com,2023-03-08,active,2024-08-14,4,64.91,1299.25,49,0,5,0.28,low
29,Mia White,mia.white@example.com,2022-08-29,inactive,2024-05-13,7,43.63,713.55,161,0,2,0.61,medium
30,Emma Moore,emma.moore@example.com,2019-01-24,inactive,2020-10-09,4,77.65,2463.18,127,0,2,0.54,medium
31,Charles Lopez,charles.lopez@example.com,2023-09-02,inactive,2024-03-18,2,87.98,856.88,170,1,9,0.48,medium
32,Isabella White,isabella.white@example.com,2019-12-14,active,2021-11-01,2,79.07,373.2,8,0,3,0.26,low
33,Mia Walker,mia.walker@example.com,2022-07-27,inactive,2023-10-05,2,73.61,184.26,153,0,6,0.49,medium
34,Amelia Wilson,amelia.wilson@example.com,2018-10-01,active,2023-03-18,1,14.11,95.36,54,0,5,0.32,low
35,David Thomas,david.thomas@example.com,2020-02-20,active,2020-11-18,4,15.68,296.01,47,0,8,0.18,low
36,Emily Brown,emily.brown@example.com,2021-08-20,active,2023-06-22,5,58.29,451.51,117,0,9,0.31,low
37,Emily Martinez,emily.martinez@example.com,2020-04-17,active,2021-08-07,1,110.67,453.36,96,0,9,0.29,low
38,William Lee,william.lee@example.com,2020-05-17,inactive,2020-12-08,5,56.16,767.74,144,0,6,0.46,medium
39,Daniel Anderson,daniel.anderson@example.com,2019-05-26,inactive,2022-07-23,0,22.77,0.0,94,1,10,0.35,medium
40,Michael Martin,michael.martin@example.com,2021-09-27,active,2023-01-10,5,114.41,4122.63,138,0,10,0.32,low
41,William Martinez,william.martinez@example.com,2019-01-20,active,2024-09-24,8,84.49,3388.77,33,0,3,0.29,low
42,Emily Anderson,emily.anderson@example.com,2021-03-02,active,2022-11-19,5,33.6,611.66,35,0,10,0.09,low
43,Sophia Wilson,sophia.wilson@example.com,2019-11-18,active,2020-10-22,2,99.59,592.16,58,0,8,0.22,low
44,Emma Moore,emma.moore@example.com,2023-08-05,inactive,2024-02-17,3,92.57,1846.17,177,0,4,0.6,medium
45,Robert Walker,robert.walker@example.com,2020-05-06,inactive,2024-04-08,5,92.6,2908.47,105,0,1,0.52,medium
46,Amelia Lee,amelia.lee@example.com,2020-01-06,inactive,2022-06-19,4,11.19,328.43,76,0,4,0.37,medium
47,Sarah Martinez,sarah.martinez@example.com,2021-05-03,active,2021-09-05,3,46.15,790.22,53,1,5,0.33,low
48,James Miller,james.miller@example.com,2022-07-10,active,2023-02-02,1,70.45,288.19,75,0,9,0.25,low
49,David Davis,david.davis@example.com,2023-08-27,inactive,2024-06-27,2,19.25,227.41,170,0,10,0.41,medium
50,Sarah Lopez,sarah.lopez@example.com,2019-09-14,inactive,2020-10-20,2,73.94,1041.37,86,3,6,0.46,medium
51,James Miller,james.miller@example.com,2023-07-21,inactive,2024-04-19,4,46.33,748.91,173,0,10,0.4,medium
52,Olivia Martin,olivia.martin@example.com,2018-12-15,inactive,2023-09-22,6,62.55,593.06,161,0,6,0.49,medium
53,David Walker,david.walker@example.com,2019-01-19,inactive,2023-07-10,4,111.71,3321.72,164,0,4,0.56,medium
54,Emily Lopez,emily.lopez@example.com,2022-05-21,active,2022-09-25,1,33.85,103.63,1,0,6,0.17,low
55,Isabella Miller,isabella.miller@example.com,2018-11-15,inactive,2019-02-06,4,53.4,373.22,117,0,4,0.46,medium
56,Isabella Hernandez,isabella.hernandez@example.com,2020-12-08,inactive,2021-08-03,3,117.18,2778.39,145,0,5,0.5,medium
57,Daniel Martinez,daniel.martinez@example.com,2023-03-31,active,2023-11-14,6,77.48,1825.91,56,1,5,0.33,low
58,Sarah Walker,sarah.walker@example.com,2021-03-29,inactive,2023-02-05,0,51.41,0.0,177,0,10,0.49,medium
59,Charles White,charles.white@example.com,2018-05-21,inactive,2024-06-23,6,16.2,685.56,95,1,7,0.36,medium
60,Olivia Hernandez,olivia.hernandez@example.com,2021-08-19,inactive,2023-09-08,5,114.95,3013.54,113,1,8,0.37,medium
61,Charles Martin,charles.martin@example.com,2018-08-28,inactive,2019-09-26,0,64.8,0.0,3,0,1,0.38,medium
62,Isabella Martinez,isabella.martinez@example.com,2020-10-04,inactive,2024-01-06,4,13.17,331.14,85,0,3,0.42,medium
63,Liam Walker,liam.walker@example.com,2023-09-09,active,2024-07-03,6,89.9,2606.45,79,0,7,0.28,low
64,Mia Jackson,mia.jackson@example.com,2018-08-08,inactive,2019-11-24,6,15.04,482.39,126,0,3,0.5,medium
65,David Davis,david.davis@example.com,2023-07-10,inactive,2024-06-18,4,29.81,700.6,25,1,2,0.36,medium
66,Michael Garcia,michael.garcia@example.com,2019-12-14,active,2024-09-26,3,48.24,176.94,70,0,9,0.21,low
67,Mia Thomas,mia.thomas@example.com,2019-12-15,active,2024-03-01,2,46.31,301.11,26,1,8,0.19,low
68,Ava Lopez,ava.lopez@example.com,2018-11-01,inactive,2019-07-14,2,40.46,537.58,113,0,4,0.46,medium
69,Mia Martin,mia.martin@example.com,2023-04-02,inactive,2023-07-23,2,78.01,558.93,130,1,8,0.42,medium
70,Sarah Walker,sarah.walker@example.com,2020-02-02,active,2021-01-03,4,105.39,1466.62,115,0,9,0.31,low
71,Charles Martin,charles.martin@example.com,2023-11-30,active,2024-11-30,4,68.89,725.42,13,0,4,0.23,low
72,Charles Hernandez,charles.hernandez@example.com,2021-09-30,inactive,2024-02-02,4,71.35,1457.18,83,0,5,0.35,medium
73,Emma Jackson,emma.jackson@example.com,2023-06-02,active,2023-09-05,3,118.52,1863.29,33,0,5,0.25,low
74,Robert Hernandez,robert.hernandez@example.com,2021-04-30,active,2022-05-19,1,27.67,63.81,62,1,9,0.26,low
75,Joseph White,joseph.white@example.com,2021-04-23,active,2022-06-30,1,55.14,434.32,6,0,4,0.24,low
76,John Lee,john.lee@example.com,2022-09-01,inactive,2023-07-19,0,117.26,0.0,179,1,8,0.6,medium
77,Ava Smith,ava.smith@example.com,2018-11-11,active,2023-07-02,5,90.99,2142.31,1,0,6,0.14,low
78,Isabella Davis,isabella.davis@example.com,2019-04-04,inactive,2019-06-14,2,68.58,186.92,178,0,5,0.58,medium
79,Daniel Thompson,daniel.thompson@example.com,2019-04-09,active,2023-10-23,2,99.09,551.43,101,0,9,0.29,low
80,David Miller,david.miller@example.com,2018-03-22,inactive,2022-09-29,3,112.25,2294.73,178,0,8,0.48,medium
81,William Moore,william.moore@example.com,2022-04-29,active,2022-09-10,5,95.97,3260.86,14,1,5,0.24,low
82,David Moore,david.moore@example.com,2023-04-18,inactive,2024-09-28,5,99.83,2033.51,14,1,1,0.36,medium
83,Michael Lopez,michael.lopez@example.com,2019-06-25,inactive,2023-10-26,4,69.79,2050.52,179,0,6,0.54,medium
84,Liam Miller,liam.miller@example.com,2021-01-28,churned,2021-02-23,3,97.34,1559.54,155,1,1,0.68,high
85,Sophia Martin,sophia.martin@example.com,2021-12-01,active,2023-06-14,3,88.55,1184.23,74,0,6,0.31,low
86,Sophia Johnson,sophia.johnson@example.com,2022-06-20,inactive,2022-10-25,4,69.38,1222.34,68,0,2,0.41,medium
87,Amelia Taylor,amelia.taylor@example.com,2021-06-14,active,2024-10-17,0,75.83,0.0,26,0,5,0.31,low
88,Isabella Smith,isabella.smith@example.com,2022-11-10,inactive,2023-04-09,4,41.67,884.18,141,0,2,0.57,medium
89,Michael Thomas,michael.thomas@example.com,2023-05-19,inactive,2024-07-24,1,105.93,797.11,100,1,5,0.46,medium
90,Olivia Miller,olivia.miller@example.com,2021-11-20,inactive,2021-12-18,3,56.65,1046.06,40,2,5,0.34,medium
91,Liam Martin,liam.martin@example.com,2019-09-10,active,2024-11-25,5,75.04,1423.14,53,0,4,0.31,low
92,Isabella Garcia,isabella.garcia@example.com,2019-04-20,inactive,2024-06-25,3,104.99,2349.9,135,0,2,0.57,medium
93,Sarah Thomas,sarah.thomas@example.com,2020-02-24,active,2024-08-09,2,110.4,604.46,25,0,6,0.21,low
94,Amelia Brown,amelia.brown@example.com,2022-02-12,churned,2023-07-25,0,44.26,0.0,150,0,2,0.67,high
95,Charles Martinez,charles.martinez@example.com,2022-03-05,inactive,2024-03-08,3,55.61,266.5,104,0,1,0.53,medium
96,Ava Hernandez,ava.hernandez@example.com,2021-11-08,active,2023-06-15,3,48.43,621.5,49,0,8,0.19,low
97,Daniel Smith,daniel.smith@example.com,2020-07-21,churned,2021-11-01,4,62.92,1127.3,179,0,1,0.69,high
98,Liam Brown,liam.brown@example.com,2018-08-16,inactive,2021-03-30,1,92.86,269.86,110,0,1,0.56,medium
99,Robert Martin,robert.martin@example.com,2020-01-21,inactive,2020-08-16,0,27.18,0.0,93,0,9,0.34,medium
100,John Martinez,john.martinez@example.com,2021-09-16,active,2022-05-23,2,12.17,42.08,67,1,8,0.28,low
101,David Jackson,david.jackson@example.com,2020-11-04,inactive,2024-01-27,1,89.45,625.24,144,0,5,0.52,medium
102,Michael Wilson,michael.wilson@example.com,2023-02-14,inactive,2023-03-23,2,19.56,212.53,161,0,3,0.6,medium
103,John Wilson,john.wilson@example.com,2019-05-03,active,2024-03-05,3,110.17,1775.94,11,0,2,0.29,low
104,Charles Jackson,charles.jackson@example.com,2021-10-07,inactive,2022-12-23,1,101.37,346.31,137,0,3,0.56,medium
105,Emily Martinez,emily.martinez@example.com,2020-06-09,active,2022-07-19,4,108.4,2861.32,114,0,9,0.3,low
106,Daniel Taylor,daniel.taylor@example.com,2020-08-16,active,2024-05-21,3,101.84,2410.8,29,0,7,0.18,low
107,William Davis,william.davis@example.com,2022-08-10,active,2024-12-05,5,54.58,1223.21,76,0,10,0.19,low
108,Sophia Taylor,sophia.taylor@example.com,2023-01-18,active,2024-05-02,1,39.31,240.79,98,0,9,0.3,low
109,Laura Taylor,laura.taylor@example.com,2021-11-11,inactive,2022-02-08,5,48.93,1886.35,51,0,3,0.34,medium
110,Joseph Thomas,joseph.thomas@example.com,2023-09-03,active,2024-08-22,2,49.12,592.71,39,0,6,0.24,low
111,David Brown,david.brown@example.com,2023-03-31,inactive,2024-09-23,4,13.43,152.34,81,0,2,0.44,medium
112,Mia Thompson,mia.thompson@example.com,2020-10-20,inactive,2024-01-20,3,55.41,986.49,104,0,7,0.35,medium
113,Joseph Davis,joseph.davis@example.com,2021-10-25,inactive,2024-05-31,1,10.26,79.76,102,0,3,0.49,medium
114,Sophia Lopez,sophia.lopez@example.com,2020-03-29,inactive,2022-03-30,6,115.4,4368.18,149,1,6,0.51,medium
115,Daniel Garcia,daniel.garcia@example.com,2022-10-20,active,2024-03-17,4,83.69,438.25,16,1,5,0.25,low
116,Amelia Lee,amelia.lee@example.com,2021-07-08,inactive,2023-06-03,2,90.41,424.6,72,2,4,0.45,medium
117,Emily Lee,emily.lee@example.com,2018-10-16,active,2022-12-03,3,75.59,591.88,45,0,5,0.28,low
118,Emma Hernandez,emma.hernandez@example.com,2020-05-21,active,2023-12-02,4,69.22,1559.27,141,0,10,0.33,low
119,Robert Anderson,robert.anderson@example.com,2018-03-17,inactive,2020-05-21,4,30.4,448.43,96,2,1,0.58,medium
120,Liam Jackson,liam.jackson@example.com,2021-11-14,inactive,2024-04-18,6,56.35,2083.74,177,0,8,0.47,medium
121,Amelia Hernandez,amelia.hernandez@example.com,2018-07-21,active,2019-06-19,2,14.63,32.92,73,0,9,0.23,low
122,Amelia Hernandez,amelia.hernandez@example.com,2022-03-08,inactive,2022-04-27,4,55.93,1600.45,46,0,2,0.36,medium
123,Sophia Johnson,sophia.johnson@example.com,2021-07-07,inactive,2024-07-19,2,113.7,1261.51,117,1,2,0.57,medium
124,Laura Anderson,laura.anderson@example.com,2018-08-26,active,2021-10-11,1,115.3,782.13,5,0,7,0.15,low
125,Amelia White,amelia.white@example.com,2022-12-07,inactive,2024-10-22,5,86.56,899.04,160,0,8,0.43,medium
126,James Thomas,james.thomas@example.com,2023-03-16,active,2024-07-28,1,108.44,761.35,11,1,9,0.14,low
127,Laura Johnson,laura.johnson@example.com,2020-12-06,inactive,2022-09-25,0,103.74,0.0,40,1,2,0.47,medium
128,James Johnson,james.johnson@example.com,2023-01-06,active,2023-12-22,2,89.58,801.05,37,0,5,0.27,low
129,Joseph Garcia,joseph.garcia@example.com,2018-02-17,inactive,2021-12-24,3,109.72,1645.55,40,0,1,0.38,medium
130,Olivia Taylor,olivia.taylor@example.com,2021-04-14,active,2022-11-26,10,27.45,1967.09,58,0,7,0.23,low
131,Emily Moore,emily.moore@example.com,2022-01-29,inactive,2022-07-30,0,100.19,0.0,39,0,4,0.37,medium
132,Sophia Lopez,sophia.lopez@example.com,2021-07-26,active,2023-07-16,3,19.25,189.71,17,0,2,0.3,low
133,Isabella Lopez,isabella.lopez@example.com,2019-10-25,active,2019-11-09,3,93.71,1346.29,63,0,5,0.32,low
134,Ava Walker,ava.walker@example.com,2018-11-08,inactive,2022-05-22,3,43.11,770.45,150,0,6,0.48,medium
135,David Lee,david.lee@example.com,2020-03-24,active,2024-09-23,2,105.87,1654.63,29,0,3,0.31,low
136,Charles Martinez,charles.martinez@example.com,2018-09-01,inactive,2023-10-27,2,100.37,723.23,160,1,10,0.43,medium
137,Sophia Moore,sophia.moore@example.com,2018-04-10,active,2023-01-07,3,103.96,1462.46,29,0,4,0.27,low
138,Liam Thompson,liam.thompson@example.com,2022-12-22,inactive,2024-03-06,3,105.49,2450.32,92,0,5,0.38,medium
139,Laura Lee,laura.lee@example.com,2019-04-04,inactive,2023-07-22,4,108.35,1131.04,163,0,9,0.41,medium
140,Robert Thomas,robert.thomas@example.com,2023-11-28,active,2024-04-15,4,32.41,212.37,8,1,4,0.26,low
141,Michael Martin,michael.martin@example.com,2020-03-01,active,2021-04-04,0,97.65,0.0,24,1,9,0.22,low
142,Robert Anderson,robert.anderson@example.com,2018-03-07,inactive,2018-06-05,0,75.82,0.0,84,0,6,0.41,medium
143,Isabella Martin,isabella.martin@example.com,2023-04-12,inactive,2024-02-03,1,81.67,268.0,130,1,1,0.65,medium
144,Joseph Martin,joseph.martin@example.com,2019-03-25,inactive,2020-10-26,0,17.97,0.0,110,1,9,0.41,medium
145,Robert Martin,robert.martin@example.com,2021-06-18,inactive,2023-12-11,2,62.86,218.06,145,0,6,0.48,medium
146,Emma Brown,emma.brown@example.com,2022-02-02,active,2022-02-08,3,45.91,636.86,33,1,4,0.32,low
147,Robert Johnson,robert.johnson@example.com,2022-12-17,inactive,2023-02-05,3,86.25,1746.58,106,0,1,0.53,medium
148,David Lopez,david.lopez@example.com,2023-05-24,active,2024-12-01,4,77.42,957.48,8,1,4,0.26,low
149,Mia Lee,mia.lee@example.com,2023-12-12,active,2024-12-29,2,108.43,1048.12,58,1,9,0.23,low
150,James Davis,james.davis@example.com,2022-02-01,inactive,2023-09-07,3,81.53,1065.18,122,0,4,0.48,medium
151,Sophia Hernandez,sophia.hernandez@example.com,2022-10-23,inactive,2023-03-15,3,27.78,95.51,150,0,8,0.42,medium
152,Olivia Moore,olivia.moore@example.com,2022-06-04,inactive,2024-08-12,4,13.37,149.95,76,0,5,0.34,medium
153,John Moore,john.moore@example.com,2022-11-06,inactive,2024-06-14,4,118.64,607.8,177,0,9,0.44,medium
154,Emma Lee,emma.lee@example.com,2019-10-21,active,2022-10-25,6,75.16,3331.04,12,0,2,0.28,low
155,Olivia Martin,olivia.martin@example.com,2018-05-10,inactive,2018-11-25,3,109.99,745.0,172,0,2,0.65,medium
156,Emma Lopez,emma.lopez@example.com,2023-07-31,active,2024-07-19,3,105.78,1306.53,84,0,6,0.33,low
157,Robert Moore,robert.moore@example.com,2019-03-21,inactive,2023-01-16,4,74.73,1551.69,164,1,10,0.42,medium
158,John Davis,john.davis@example.com,2018-06-01,inactive,2020-10-04,1,67.18,225.66,94,0,5,0.41,medium
159,Michael Moore,michael.moore@example.com,2019-06-03,inactive,2021-05-18,3,28.44,107.22,165,0,5,0.54,medium
160,Isabella White,isabella.white@example.com,2022-12-28,active,2023-08-22,6,118.54,1323.47,37,1,7,0.23,low
161,Michael Miller,michael.miller@example.com,2021-11-05,inactive,2024-08-15,1,19.74,34.02,179,0,10,0.45,medium
162,Michael Davis,michael.davis@example.com,2022-12-20,inactive,2024-05-23,3,45.54,1067.23,39,0,2,0.35,medium
163,Olivia Hernandez,olivia.hernandez@example.com,2023-02-21,inactive,2024-04-05,2,24.6,98.64,178,0,7,0.52,medium
164,David Hernandez,david.hernandez@example.com,2021-01-08,inactive,2021-09-04,1,90.39,189.2,102,1,2,0.56,medium
165,Amelia Thompson,amelia.thompson@example.com,2019-03-30,active,2023-02-25,3,36.86,753.73,47,0,8,0.19,low
166,Sarah Martin,sarah.martin@example.com,2020-12-24,active,2023-11-18,7,27.52,1008.41,63,1,9,0.22,low
167,Emily Davis,emily.davis@example.com,2020-05-19,inactive,2024-03-15,1,22.0,122.18,102,0,6,0.4,medium
168,Robert Walker,robert.walker@example.com,2022-03-17,active,2024-10-12,5,42.66,1182.43,143,0,10,0.33,low
169,Joseph Taylor,joseph.taylor@example.com,2022-12-13,inactive,2023-12-08,3,36.13,391.59,172,0,3,0.62,medium
170,Charles Lee,charles.lee@example.com,2022-04-15,inactive,2024-06-14,3,69.66,1600.86,156,0,10,0.37,medium
171,William Johnson,william.johnson@example.com,2018-10-09,active,2021-06-15,1,67.93,184.94,15,0,7,0.17,low
172,Sophia Taylor,sophia.taylor@example.com,2020-11-11,active,2024-06-04,3,31.54,99.63,47,0,9,0.16,low
173,Emily Smith,emily.smith@example.com,2022-07-08,inactive,2022-08-28,2,62.71,296.23,78,0,5,0.36,medium
174,Emily White,emily.white@example.com,2021-11-14,inactive,2022-10-02,3,44.24,699.74,146,0,4,0.53,medium
175,Laura Lopez,laura.lopez@example.com,2023-11-16,active,2024-10-26,3,97.98,673.74,56,1,8,0.25,low
176,Emma Anderson,emma.anderson@example.com,2022-04-11,inactive,2023-03-21,4,79.65,2440.42,119,0,5,0.43,medium
177,James Martin,james.martin@example.com,2019-08-08,inactive,2020-11-11,2,77.21,598.72,125,1,1,0.62,medium
178,Isabella Jackson,isabella.jackson@example.com,2018-08-04,inactive,2021-10-10,3,56.61,963.42,146,1,7,0.48,medium
179,Michael Martin,michael.martin@example.com,2018-09-08,inactive,2023-06-10,4,20.53,95.71,143,0,7,0.43,medium
180,Sarah Johnson,sarah.johnson@example.com,2020-08-11,active,2022-07-09,2,75.39,675.1,2,0,7,0.13,low
181,Joseph Thompson,joseph.thompson@example.com,2021-02-06,active,2023-09-03,6,21.45,781.26,42,1,4,0.33,low
182,William White,william.white@example.com,2022-07-01,churned,2023-03-02,2,45.57,235.74,169,0,1,0.68,high
183,Laura Walker,laura.walker@example.com,2020-01-10,active,2023-03-20,2,80.42,466.12,50,0,10,0.14,low
184,Emma Miller,emma.miller@example.com,2018-01-20,active,2024-05-27,6,16.62,492.23,36,1,9,0.16,low
185,Liam Johnson,liam.johnson@example.com,2021-03-12,inactive,2021-03-14,2,100.4,202.54,144,0,4,0.53,medium
186,John Martin,john.martin@example.com,2019-07-04,inactive,2022-10-20,2,117.16,267.17,104,1,5,0.45,medium
187,Liam Thomas,liam.thomas@example.com,2019-12-20,active,2020-03-21,1,96.67,681.79,16,0,4,0.27,low
188,Liam Wilson,liam.wilson@example.com,2022-03-16,inactive,2022-09-28,1,43.34,123.16,66,0,2,0.44,medium
189,Michael Anderson,michael.anderson@example.com,2020-02-04,inactive,2023-09-07,4,76.07,1402.66,163,1,5,0.57,medium
190,Charles White,charles.white@example.com,2021-02-15,inactive,2024-03-11,3,79.07,1356.87,158,0,3,0.59,medium
191,Sophia Anderson,sophia.anderson@example.com,2018-10-27,inactive,2020-03-22,2,54.33,240.65,130,0,4,0.5,medium
192,Ava Johnson,ava.johnson@example.com,2019-07-11,inactive,2023-06-07,4,76.7,605.74,80,1,3,0.45,medium
193,James Wilson,james.wilson@example.com,2018-05-10,inactive,2023-12-22,4,65.67,690.29,173,0,4,0.58,medium
194,Sarah Garcia,sarah.garcia@example.com,2018-08-03,inactive,2023-08-05,1,80.49,202.21,130,0,3,0.55,medium
195,Emma Miller,emma.miller@example.com,2022-09-22,inactive,2023-08-18,2,33.29,292.43,178,0,8,0.49,medium
196,Sophia Davis,sophia.davis@example.com,2018-05-25,inactive,2020-11-02,2,18.21,235.96,115,0,1,0.56,medium
197,Liam Smith,liam.smith@example.com,2018-10-03,inactive,2022-12-22,5,67.97,1353.48,63,1,3,0.41,medium
198,Michael Miller,michael.miller@example.com,2018-07-19,active,2022-06-16,5,55.78,1218.63,79,0,7,0.28,low
199,Daniel Moore,daniel.moore@example.com,2022-03-04,inactive,2023-04-07,2,11.33,60.92,82,0,4,0.4,medium
200,Amelia Johnson,amelia.johnson@example.com,2019-09-22,inactive,2024-03-31,3,39.26,240.82,34,0,2,0.34,medium
201,David Thompson,david.thompson@example.com,2021-12-08,active,2022-03-31,3,96.35,2094.05,105,0,8,0.32,low
202,Emily Lopez,emily.lopez@example.com,2021-11-14,active,2023-02-24,3,102.5,390.21,21,1,8,0.17,low
203,John Thompson,john.thompson@example.com,2019-06-28,inactive,2021-10-14,3,67.02,412.41,160,1,8,0.48,medium
204,Ava Moore,ava.moore@example.com,2022-08-28,inactive,2022-11-23,0,19.33,0.0,109,1,1,0.65,medium
205,Joseph White,joseph.white@example.com,2019-07-30,active,2022-12-11,4,95.21,2143.97,28,0,10,0.08,low
206,Robert Smith,robert.smith@example.com,2022-05-03,inactive,2022-05-28,2,39.16,89.8,112,1,8,0.38,medium
207,Charles Wilson,charles.wilson@example.com,2021-02-10,active,2023-06-01,2,23.35,247.75,78,0,9,0.24,low
208,Michael Martinez,michael.martinez@example.com,2019-10-22,inactive,2023-09-02,1,116.53,768.05,140,0,2,0.6,medium
209,Laura Jackson,laura.jackson@example.com,2023-09-25,inactive,2024-01-06,5,47.21,1769.57,153,0,10,0.36,medium
210,Robert Thompson,robert.thompson@example.com,2018-12-17,inactive,2019-08-18,3,31.72,685.96,120,1,7,0.42,medium
211,Charles Smith,charles.smith@example.com,2022-02-12,inactive,2023-10-08,4,117.62,2934.55,135,0,6,0.44,medium
212,Amelia Martinez,amelia.martinez@example.com,2020-09-28,inactive,2023-08-26,4,85.38,561.15,50,0,3,0.34,medium
213,Emily Wilson,emily.wilson@example.com,2020-11-20,active,2022-02-02,2,93.4,1158.9,3,0,3,0.25,low
214,William Wilson,william.wilson@example.com,2022-11-16,active,2024-02-02,1,73.49,524.72,111,0,10,0.3,low
215,Mia Hernandez,mia.hernandez@example.com,2018-12-30,inactive,2020-06-28,0,37.13,0.0,132,0,10,0.39,medium
216,Sarah Hernandez,sarah.hernandez@example.com,2021-12-08,active,2023-05-22,6,69.26,1940.3,90,1,9,0.28,low
217,Michael Thompson,michael.thompson@example.com,2021-11-25,inactive,2022-12-22,3,43.62,933.89,101,0,4,0.43,medium
218,Laura Brown,laura.brown@example.com,2019-10-20,active,2022-04-29,5,10.35,276.2,4,0,4,0.21,low
219,Amelia Garcia,amelia.garcia@example.com,2018-08-01,inactive,2023-03-14,4,34.8,824.15,120,0,2,0.53,medium
220,Robert Smith,robert.smith@example.com,2021-05-02,inactive,2023-12-06,2,45.43,495.68,150,0,10,0.37,medium
221,Daniel Brown,daniel.brown@example.com,2023-08-25,inactive,2023-11-20,4,46.1,744.63,146,0,1,0.61,medium
222,Sophia Taylor,sophia.taylor@example.com,2023-08-10,active,2023-12-29,8,55.09,3031.54,75,0,10,0.18,low
223,James Wilson,james.wilson@example.com,2020-12-27,inactive,2023-05-07,2,46.8,110.76,113,0,6,0.4,medium
224,Olivia Miller,olivia.miller@example.com,2018-11-23,active,2021-06-10,2,113.47,638.85,46,0,5,0.29,low
225,Michael Jackson,michael.jackson@example.com,2019-07-01,inactive,2021-01-31,4,24.68,154.42,39,0,1,0.38,medium
226,David Thomas,david.thomas@example.com,2022-05-09,inactive,2023-04-19,1,16.3,42.0,108,0,4,0.47,medium
227,Emma Thompson,emma.thompson@example.com,2023-08-08,inactive,2024-03-13,2,16.28,96.88,135,0,8,0.39,medium
228,Charles Lopez,charles.lopez@example.com,2020-06-05,active,2022-02-01,4,27.2,758.51,107,0,10,0.26,low
229,Amelia Wilson,amelia.wilson@example.com,2018-06-15,inactive,2020-12-16,3,19.51,155.54,160,0,4,0.56,medium
230,James Thomas,james.thomas@example.com,2021-02-11,inactive,2023-11-09,2,101.07,1316.74,142,0,10,0.35,medium
231,John Anderson,john.anderson@example.com,2018-02-22,active,2018-05-14,3,47.21,447.68,85,0,9,0.24,low
232,Liam Lopez,liam.lopez@example.com,2020-12-23,inactive,2023-05-14,1,89.2,350.19,71,0,1,0.48,medium
233,Emma Walker,emma.walker@example.com,2022-11-17,active,2023-08-27,3,17.44,311.56,17,0,6,0.18,low
234,Liam Thompson,liam.thompson@example.com,2018-12-21,inactive,2019-04-19,3,33.77,170.5,144,0,7,0.44,medium
235,Michael Johnson,michael.johnson@example.com,2023-08-19,inactive,2024-08-28,1,66.38,441.08,138,2,7,0.53,medium
236,Sophia Smith,sophia.smith@example.com,2018-04-02,inactive,2020-05-14,4,23.89,536.8,116,1,9,0.35,medium
237,Isabella Davis,isabella.davis@example.com,2018-03-04,active,2024-01-31,4,47.8,569.21,42,0,6,0.23,low
238,Sophia Wilson,sophia.wilson@example.com,2023-05-17,active,2023-10-05,3,58.52,415.95,12,0,8,0.11,low
239,Ava Anderson,ava.anderson@example.com,2021-03-27,inactive,2021-06-12,3,80.69,573.92,104,0,4,0.44,medium
240,Michael Taylor,michael.taylor@example.com,2022-03-26,inactive,2024-06-02,3,108.69,711.48,161,0,7,0.47,medium
241,William Davis,william.davis@example.com,2022-12-12,active,2022-12-26,3,58.44,930.44,19,1,7,0.2,low
242,Amelia Walker,amelia.walker@example.com,2019-06-29,active,2024-01-03,5,107.01,2136.15,128,0,9,0.33,low
243,Charles Taylor,charles.taylor@example.com,2019-08-08,inactive,2020-06-22,1,100.53,248.14,133,1,9,0.42,medium
244,Joseph Thompson,joseph.thompson@example.com,2019-07-01,inactive,2024-03-13,4,100.38,1692.35,131,1,5,0.5,medium
245,Michael Walker,michael.walker@example.com,2018-04-07,inactive,2019-11-09,1,89.1,351.13,34,0,2,0.37,medium
246,Ava Garcia,ava.garcia@example.com,2020-03-13,inactive,2024-08-10,5,117.7,3200.85,125,0,2,0.53,medium
247,Liam Smith,liam.smith@example.com,2019-01-23,inactive,2022-04-22,1,84.98,184.4,148,0,8,0.44,medium
248,Sarah Moore,sarah.moore@example.com,2018-05-23,active,2019-09-13,1,47.44,335.15,47,0,5,0.3,low
249,Daniel Hernandez,daniel.hernandez@example.com,2022-01-14,inactive,2022-09-30,0,43.43,0.0,142,1,9,0.49,medium
250,Emma White,emma.white@example.com,2021-10-23,active,2023-08-10,5,22.21,458.57,38,0,5,0.25,low
251,Amelia Smith,amelia.smith@example.com,2022-02-17,inactive,2022-08-16,3,56.48,219.28,88,0,6,0.34,medium
252,Charles Brown,charles.brown@example.com,2021-05-17,active,2024-03-20,4,98.54,443.84,71,0,9,0.21,low
253,William Moore,william.moore@example.com,2018-08-24,inactive,2023-12-08,4,87.41,1672.99,168,0,9,0.42,medium
254,Charles Garcia,charles.garcia@example.com,2021-07-12,active,2023-05-21,0,61.56,0.0,53,0,9,0.25,low
255,James Thompson,james.thompson@example.com,2020-08-30,inactive,2022-01-23,0,109.32,0.0,105,0,6,0.45,medium
256,Olivia Wilson,olivia.wilson@example.com,2020-03-23,inactive,2021-07-18,2,36.35,477.06,158,0,2,0.62,medium
257,Sophia Hernandez,sophia.hernandez@example.com,2023-12-01,inactive,2024-08-31,3,63.72,1178.11,137,0,1,0.6,medium
258,David Garcia,david.garcia@example.com,2019-08-07,active,2021-01-10,2,86.39,272.21,76,0,9,0.23,low
259,Mia Moore,mia.moore@example.com,2018-02-11,inactive,2018-07-04,2,114.29,941.0,157,0,7,0.47,medium
260,Robert Wilson,robert.wilson@example.com,2019-10-03,inactive,2024-06-14,2,63.64,708.39,162,0,9,0.42,medium
261,Michael Martinez,michael.martinez@example.com,2023-02-11,active,2023-09-07,2,37.98,268.36,12,0,8,0.12,low
262,Emily Garcia,emily.garcia@example.com,2023-11-26,inactive,2024-12-29,3,78.48,1009.62,176,0,8,0.48,medium
263,Sarah Wilson,sarah.wilson@example.com,2021-09-02,inactive,2024-06-14,3,101.66,2106.64,97,0,5,0.39,medium
264,Isabella Jackson,isabella.jackson@example.com,2018-09-28,active,2021-09-06,2,14.88,87.64,88,0,9,0.26,low
265,Robert Lopez,robert.lopez@example.com,2018-10-19,inactive,2023-07-26,4,84.3,443.07,139,0,1,0.6,medium
266,David Martinez,david.martinez@example.com,2018-03-17,inactive,2019-05-13,4,84.21,1036.49,90,2,7,0.39,medium
267,John Garcia,john.garcia@example.com,2019-10-30,inactive,2022-02-15,2,105.88,592.26,68,0,4,0.36,medium
268,Emma Walker,emma.walker@example.com,2023-03-08,active,2023-04-03,1,56.08,350.96,76,0,9,0.25,low
269,William Hernandez,william.hernandez@example.com,2023-04-06,inactive,2023-09-18,5,79.97,2956.09,121,0,3,0.5,medium
270,Sophia Garcia,sophia.garcia@example.com,2019-06-16,inactive,2020-06-16,3,68.74,411.4,81,0,3,0.42,medium
271,John Martin,john.martin@example.com,2022-12-19,active,2024-10-24,1,53.93,397.51,62,0,9,0.22,low
272,David Brown,david.brown@example.com,2019-07-01,active,2019-08-19,6,43.69,1709.91,108,1,9,0.32,low
273,Olivia Anderson,olivia.anderson@example.com,2021-10-13,inactive,2023-10-21,3,76.12,1356.25,161,0,2,0.62,medium
274,Sophia Lopez,sophia.lopez@example.com,2022-05-02,inactive,2024-01-25,2,107.91,738.35,148,0,10,0.36,medium
275,Charles Anderson,charles.anderson@example.com,2022-05-27,active,2022-06-08,3,55.06,525.03,38,1,4,0.33,low
276,Ava Hernandez,ava.hernandez@example.com,2020-04-13,inactive,2020-09-25,2,28.41,443.43,158,0,3,0.59,medium
277,Isabella Garcia,isabella.garcia@example.com,2022-12-21,active,2023-05-20,2,13.41,99.66,51,0,5,0.3,low
278,John Jackson,john.jackson@example.com,2020-04-14,inactive,2024-02-05,2,115.15,736.45,87,0,2,0.47,medium
279,James Thompson,james.thompson@example.com,2021-02-01,inactive,2023-03-07,5,47.44,1136.15,165,0,2,0.62,medium
280,Ava Walker,ava.walker@example.com,2021-08-27,inactive,2021-09-22,1,102.24,357.15,98,0,3,0.48,medium
281,Sophia Miller,sophia.miller@example.com,2018-07-04,inactive,2024-11-23,3,101.38,1464.07,129,0,8,0.37,medium
282,Michael Walker,michael.walker@example.com,2018-08-09,active,2023-02-19,3,96.06,1770.01,82,0,9,0.24,low
283,Charles Taylor,charles.taylor@example.com,2022-12-19,inactive,2023-08-22,3,103.78,1860.63,118,0,5,0.44,medium
284,Charles Thomas,charles.thomas@example.com,2019-05-22,active,2021-03-04,3,92.04,1337.87,5,1,10,0.08,low
285,Sophia Lee,sophia.lee@example.com,2023-07-31,active,2024-04-27,4,104.99,2150.67,102,0,8,0.31,low
286,David Garcia,david.garcia@example.com,2018-07-01,active,2021-12-04,6,58.78,1839.16,4,1,9,0.09,low
287,Charles Lopez,charles.lopez@example.com,2019-03-12,active,2020-10-15,1,80.42,248.42,72,0,6,0.33,low
288,Michael Johnson,michael.johnson@example.com,2018-10-11,inactive,2019-05-18,1,116.87,297.46,114,0,6,0.42,medium
289,Amelia Davis,amelia.davis@example.com,2020-02-26,inactive,2023-02-14,3,49.46,983.92,152,0,9,0.39,medium
290,Joseph Miller,joseph.miller@example.com,2018-09-19,active,2021-10-09,4,10.25,53.67,36,1,5,0.29,low
291,Liam Wilson,liam.wilson@example.com,2018-04-24,inactive,2020-04-18,0,113.08,0.0,127,1,8,0.48,medium
292,David Walker,david.walker@example.com,2018-11-25,inactive,2019-10-30,4,43.68,846.33,142,2,3,0.63,medium
293,Amelia Moore,amelia.moore@example.com,2019-06-30,inactive,2023-04-22,2,65.07,853.93,144,0,2,0.59,medium
294,Sophia Jackson,sophia.jackson@example.com,2021-12-16,active,2024-01-31,1,42.48,111.58,39,0,7,0.23,low
295,Emily Lee,emily.lee@example.com,2020-10-26,active,2023-06-20,5,80.45,3158.82,21,0,3,0.27,low
296,Emily Thompson,emily.thompson@example.com,2018-10-16,inactive,2023-03-06,3,59.43,909.47,54,0,2,0.39,medium
297,Liam Martinez,liam.martinez@example.com,2019-10-08,active,2019-10-22,5,25.72,826.57,12,0,2,0.28,low
298,David Jackson,david.jackson@example.com,2023-02-02,inactive,2023-07-28,2,92.35,595.31,93,0,6,0.36,medium
299,Amelia Martin,amelia.martin@example.com,2022-12-19,active,2024-02-06,1,102.33,105.07,69,1,9,0.27,low
300,Liam Thomas,liam.thomas@example.com,2023-08-14,inactive,2023-12-14,3,96.78,2102.96,141,0,6,0.46,medium
301,Sarah Walker,sarah.walker@example.com,2018-06-08,inactive,2023-07-07,2,85.57,762.72,161,2,7,0.56,medium
302,Emma Taylor,emma.taylor@example.com,2023-09-07,inactive,2024-02-02,2,40.63,154.98,175,1,4,0.64,medium
303,Mia Moore,mia.moore@example.com,2018-11-19,inactive,2021-09-15,2,49.61,763.76,28,1,2,0.38,medium
304,Emma Jackson,emma.jackson@example.com,2021-10-20,inactive,2022-09-28,2,104.49,481.11,141,0,2,0.59,medium
305,Mia Moore,mia.moore@example.com,2018-07-23,inactive,2022-12-25,4,84.56,1777.2,162,0,8,0.44,medium
306,Joseph Lee,joseph.lee@example.com,2023-10-09,inactive,2024-03-09,4,88.45,847.18,100,0,3,0.45,medium
307,John Smith,john.smith@example.com,2019-10-27,inactive,2020-06-02,4,85.68,923.02,102,0,6,0.37,medium
308,Ava Thompson,ava.thompson@example.com,2018-01-16,active,2021-08-24,2,90.98,602.6,12,0,8,0.12,low
309,Daniel Moore,daniel.moore@example.com,2018-03-08,inactive,2020-01-28,2,53.74,681.01,119,1,8,0.4,medium
310,Emily Lee,emily.lee@example.com,2018-11-19,inactive,2024-07-30,3,52.08,558.42,165,0,5,0.54,medium
311,Charles Johnson,charles.johnson@example.com,2022-03-12,inactive,2023-05-09,3,72.77,1086.45,117,0,7,0.38,medium
312,Emma Brown,emma.brown@example.com,2023-06-17,active,2024-04-13,5,32.78,338.67,104,0,9,0.28,low
313,Mia Martinez,mia.martinez@example.com,2021-11-12,inactive,2024-01-13,3,83.88,1277.19,104,1,4,0.48,medium
314,Isabella Thompson,isabella.thompson@example.com,2021-11-13,inactive,2023-02-16,2,50.22,258.9,106,2,3,0.56,medium
315,Emily Garcia,emily.garcia@example.com,2022-08-11,active,2023-03-20,3,84.15,711.74,49,1,6,0.29,low
316,Laura Walker,laura.walker@example.com,2021-12-22,active,2022-11-04,3,26.2,82.91,52,0,8,0.2,low
317,Emma Johnson,emma.johnson@example.com,2023-06-21,inactive,2024-01-07,3,65.07,1123.89,134,0,6,0.44,medium
318,David Thomas,david.thomas@example.com,2018-01-05,active,2023-12-24,3,71.7,1515.97,8,0,1,0.31,low
319,Daniel Martin,daniel.martin@example.com,2020-04-07,active,2020-09-01,3,82.5,436.16,68,2,10,0.26,low
320,John Martin,john.martin@example.com,2019-08-25,inactive,2022-10-16,3,29.37,220.07,154,0,3,0.58,medium
321,Charles Davis,charles.davis@example.com,2022-05-16,active,2024-12-04,6,103.96,3999.31,94,0,7,0.31,low
322,Sarah Walker,sarah.walker@example.com,2018-05-11,inactive,2019-02-10,8,98.52,1042.26,170,0,2,0.63,medium
323,David Martin,david.martin@example.com,2020-04-04,inactive,2021-09-20,3,54.3,1183.06,173,0,9,0.44,medium
324,Ava Johnson,ava.johnson@example.com,2018-07-08,inactive,2023-06-30,4,62.97,1372.27,148,1,1,0.66,medium
325,Sophia White,sophia.white@example.com,2019-09-14,inactive,2021-05-24,4,73.12,1143.37,114,3,9,0.42,medium
326,Charles Brown,charles.brown@example.com,2019-11-29,inactive,2023-04-20,0,13.96,0.0,98,0,9,0.35,medium
327,Liam Martinez,liam.martinez@example.com,2018-02-08,inactive,2022-07-07,6,48.84,2127.08,71,1,4,0.39,medium
328,James Moore,james.moore@example.com,2020-07-07,active,2021-05-07,4,42.53,877.24,46,0,9,0.15,low
329,John Wilson,john.wilson@example.com,2023-03-20,inactive,2024-12-17,3,20.46,416.6,164,0,8,0.45,medium
330,Daniel Moore,daniel.moore@example.com,2019-06-21,active,2021-09-15,4,41.9,1259.86,95,0,9,0.26,low
331,David Davis,david.davis@example.com,2022-10-07,inactive,2024-11-01,0,55.82,0.0,101,0,8,0.38,medium
332,Michael Johnson,michael.johnson@example.com,2023-04-22,active,2023-12-28,2,35.35,71.43,47,0,6,0.26,low
333,Olivia Johnson,olivia.johnson@example.com,2023-09-30,inactive,2024-05-31,7,39.86,523.86,123,1,8,0.39,medium
334,Olivia Brown,olivia.brown@example.com,2023-06-21,active,2023-07-04,3,55.59,1046.78,32,0,9,0.13,low
335,Robert Moore,robert.moore@example.com,2019-04-25,inactive,2024-02-20,3,114.41,1862.06,123,1,1,0.61,medium
336,Amelia Walker,amelia.walker@example.com,2020-08-10,active,2023-03-08,4,29.82,201.3,1,0,10,0.02,low
337,Emily Lopez,emily.lopez@example.com,2018-12-18,inactive,2024-02-16,4,47.99,642.93,52,0,1,0.41,medium
338,Ava Anderson,ava.anderson@example.com,2023-04-20,inactive,2024-07-19,6,96.48,3554.96,146,0,4,0.52,medium
339,Amelia Miller,amelia.miller@example.com,2022-09-11,inactive,2024-06-06,4,71.49,1289.0,134,0,1,0.59,medium
340,Emma Smith,emma.smith@example.com,2018-06-22,inactive,2018-08-08,3,23.03,534.11,147,0,10,0.35,medium
341,Isabella Moore,isabella.moore@example.com,2022-03-16,inactive,2022-11-27,5,17.8,283.91,119,0,7,0.37,medium
342,John Wilson,john.wilson@example.com,2020-01-29,inactive,2021-08-18,1,84.14,114.67,113,0,5,0.45,medium
343,Emma Smith,emma.smith@example.com,2022-02-14,inactive,2022-04-19,3,90.6,1041.45,118,0,1,0.56,medium
344,Mia Moore,mia.moore@example.com,2019-11-18,active,2020-04-21,3,16.22,176.02,33,0,6,0.22,low
345,Emma Martinez,emma.martinez@example.com,2023-07-07,active,2024-07-04,4,118.94,1558.96,63,0,9,0.19,low
346,Daniel Miller,daniel.miller@example.com,2022-12-02,active,2024-10-15,0,59.51,0.0,66,1,9,0.32,low
347,Mia Smith,mia.smith@example.com,2020-12-04,inactive,2021-01-05,4,39.07,380.91,89,0,2,0.46,medium
348,Charles Lopez,charles.lopez@example.com,2021-09-15,active,2024-10-06,4,18.31,561.02,41,0,3,0.32,low
349,Liam Lee,liam.lee@example.com,2021-10-27,active,2021-11-08,3,116.15,960.42,10,0,6,0.17,low
350,John Walker,john.walker@example.com,2018-04-13,active,2019-06-21,3,114.14,596.27,10,0,6,0.17,low
351,Joseph Walker,joseph.walker@example.com,2019-05-02,churned,2022-02-17,1,94.95,510.49,158,0,1,0.67,high
352,Liam Walker,liam.walker@example.com,2019-12-23,inactive,2022-10-20,0,74.12,0.0,164,1,9,0.53,medium
353,William Hernandez,william.hernandez@example.com,2020-03-18,inactive,2023-02-15,4,10.92,176.25,163,1,9,0.45,medium
354,David Jackson,david.jackson@example.com,2020-10-20,active,2024-10-23,2,89.58,190.52,92,0,9,0.27,low
355,Sarah Taylor,sarah.taylor@example.com,2018-03-18,inactive,2018-12-31,5,110.27,665.22,110,0,2,0.5,medium
356,Robert Wilson,robert.wilson@example.com,2021-03-28,active,2022-01-08,1,90.6,475.39,75,0,7,0.31,low
357,Robert Thompson,robert.thompson@example.com,2019-04-25,active,2022-09-12,6,91.72,3392.95,8,0,10,0.03,low
358,Emma Hernandez,emma.hernandez@example.com,2021-10-17,active,2021-10-28,3,105.17,2336.92,37,0,8,0.17,low
359,James Smith,james.smith@example.com,2022-08-01,active,2023-12-05,6,25.88,1007.44,18,1,10,0.09,low
360,Joseph Thompson,joseph.thompson@example.com,2022-08-22,active,2024-11-15,0,43.12,0.0,61,0,8,0.3,low
361,Mia Johnson,mia.johnson@example.com,2020-08-24,active,2022-03-21,3,82.07,694.72,38,0,5,0.26,low
362,Liam Johnson,liam.johnson@example.com,2021-10-06,active,2024-11-26,7,111.7,3208.25,23,0,10,0.06,low
363,Michael White,michael.white@example.com,2021-07-23,active,2022-03-17,6,65.62,2987.49,97,0,9,0.26,low
364,Robert Brown,robert.brown@example.com,2021-04-16,inactive,2023-12-09,2,67.38,884.21,87,1,3,0.48,medium
365,Mia Taylor,mia.taylor@example.com,2019-07-22,inactive,2023-08-23,1,42.55,179.32,87,0,4,0.42,medium
366,Emily Anderson,emily.anderson@example.com,2020-11-21,inactive,2022-03-09,1,28.18,28.57,134,1,6,0.51,medium
367,Sophia Martin,sophia.martin@example.com,2019-12-09,inactive,2024-02-17,1,28.23,204.27,122,0,3,0.53,medium
368,Michael Lopez,michael.lopez@example.com,2021-02-11,inactive,2022-09-29,3,16.35,183.31,147,0,8,0.41,medium
369,Amelia Brown,amelia.brown@example.com,2022-11-02,inactive,2024-05-18,4,86.61,2049.2,157,0,3,0.58,medium
370,Liam Miller,liam.miller@example.com,2018-12-16,active,2021-11-30,2,113.96,1339.35,64,1,8,0.28,low
371,Joseph Thomas,joseph.thomas@example.com,2018-12-06,inactive,2021-02-24,4,65.86,1036.61,62,1,3,0.41,medium
372,Isabella Anderson,isabella.anderson@example.com,2018-01-19,active,2019-02-19,4,89.58,1701.88,65,0,6,0.28,low
373,John Jackson,john.jackson@example.com,2018-07-19,inactive,2021-01-11,4,30.18,843.21,173,0,5,0.55,medium
374,Emma Brown,emma.brown@example.com,2021-04-19,inactive,2021-10-25,2,40.9,200.88,136,1,9,0.41,medium
375,Amelia Taylor,amelia.taylor@example.com,2018-10-14,active,2020-10-30,7,113.68,1034.38,67,0,6,0.28,low
376,Amelia Martin,amelia.martin@example.com,2019-02-20,inactive,2019-11-24,4,14.99,206.84,96,0,2,0.47,medium
377,Robert White,robert.white@example.com,2023-11-10,active,2024-04-17,2,98.49,1262.58,48,0,8,0.2,low
378,Sophia Moore,sophia.moore@example.com,2022-11-04,inactive,2023-11-03,3,84.52,1599.84,99,0,7,0.34,medium
379,Emma Wilson,emma.wilson@example.com,2021-01-19,active,2021-12-30,3,38.41,603.56,21,0,4,0.25,low
380,Ava Walker,ava.walker@example.com,2021-02-26,active,2024-10-19,4,88.41,1309.7,104,0,8,0.31,low
381,Joseph White,joseph.white@example.com,2019-06-06,active,2023-08-13,7,58.82,1710.96,62,1,6,0.31,low
382,Robert Wilson,robert.wilson@example.com,2019-05-17,inactive,2024-06-01,4,100.85,1711.14,110,0,4,0.44,medium
383,Liam Taylor,liam.taylor@example.com,2021-03-14,inactive,2022-08-08,2,100.38,849.35,119,0,4,0.48,medium
384,Sarah Lopez,sarah.lopez@example.com,2021-06-21,inactive,2023-04-29,3,61.04,521.53,125,1,5,0.49,medium
385,Olivia Walker,olivia.walker@example.com,2020-04-30,inactive,2024-01-22,4,66.56,1638.34,104,0,2,0.49,medium
386,Emily Thomas,emily.thomas@example.com,2021-11-16,inactive,2022-12-06,3,20.44,490.08,43,2,3,0.41,medium
387,John Taylor,john.taylor@example.com,2018-12-10,inactive,2021-02-07,2,55.23,211.04,149,1,5,0.55,medium
388,Daniel White,daniel.white@example.com,2023-09-26,active,2024-12-01,1,94.08,504.85,100,0,10,0.27,low
389,Mia Anderson,mia.anderson@example.com,2019-03-01,active,2021-04-28,7,87.81,2289.41,20,0,7,0.15,low
390,Daniel Lee,daniel.lee@example.com,2020-07-17,inactive,2021-11-15,4,119.52,3761.45,132,1,6,0.47,medium
391,Liam Wilson,liam.wilson@example.com,2023-07-06,inactive,2024-07-04,1,60.02,343.52,55,1,5,0.36,medium
392,Sophia Johnson,sophia.johnson@example.com,2019-02-12,inactive,2024-11-04,1,80.87,632.38,150,0,7,0.47,medium
393,Michael Walker,michael.walker@example.com,2020-04-28,inactive,2021-02-19,3,83.45,1717.79,142,0,2,0.58,medium
394,John Martinez,john.martinez@example.com,2023-03-30,active,2024-11-17,8,26.91,1078.18,66,1,8,0.26,low
395,Mia Miller,mia.miller@example.com,2020-04-04,inactive,2021-08-19,2,17.32,90.6,128,0,7,0.41,medium
396,Sarah Martin,sarah.martin@example.com,2023-09-19,active,2024-03-10,5,91.12,1369.37,73,1,10,0.22,low
397,Liam Davis,liam.davis@example.com,2022-02-10,active,2022-09-22,5,48.23,976.12,12,1,3,0.29,low
398,David White,david.white@example.com,2022-03-01,inactive,2024-10-24,3,62.24,258.9,138,0,5,0.48,medium
399,Robert Garcia,robert.garcia@example.com,2022-08-30,inactive,2023-08-22,3,10.96,68.69,139,0,8,0.39,medium
400,Amelia White,amelia.white@example.com,2021-08-01,inactive,2022-11-30,1,100.93,359.23,164,0,4,0.59,medium
